{
  "timestamp": 1774627121.3540413,
  "quality_signal": 0.5689872318832927,
  "coupling_score": 0.19662921348314608,
  "cycle_count": 0,
  "god_file_count": 0,
  "hotspot_count": 0,
  "complex_fn_count": 48,
  "max_depth": 4,
  "total_import_edges": 178,
  "cross_module_edges": 115
}